,ticker,description,Manual subscription work?,sector
0,ALMU,AELUMA INC COM,yes,Unlabeled
1,GLUC,GLUCOSE HEALTH INC COM,no,Unlabeled
2,RGBP,REGEN BIOPHARMA INC COM,yes,Unlabeled
3,TLPH,TALPHERA INC COM,yes,Unlabeled
4,UNRVD,BLUM HOLDINGS INC COM,no,Unlabeled
5,VPAHF,VOLPARA HEALTH TECH LTD COM,no,Unlabeled
6,WXIBF,WUXI BIOLOGICS (CAYMAN) INC COM,yes,Unlabeled
7,ZHYBF,ZHONG YUAN BIO TECHNOLOGY HLDG COM,no,Unlabeled
8,ZLDAF,ZELIRA THERAPEUTICS LTD COM,yes,Unlabeled
9,AEMD,AETHLON MEDICAL INC COM,yes,Health Care Equipment & Supplies
10,APYX,APYX MEDICAL CORPORATION COM,no,Health Care Equipment & Supplies
11,ARAY,ACCURAY INCORPORATED COM,yes,Health Care Equipment & Supplies
12,AVGR,AVINGER INC COM,yes,Health Care Equipment & Supplies
13,AXDX,ACCELERATE DIAGNOSTICS INC COM,yes,Health Care Equipment & Supplies
14,BEAT,HEARTBEAM INC COM,yes,Health Care Equipment & Supplies
15,BFLY,BUTTERFLY NETWORK INC COM CL A,yes,Health Care Equipment & Supplies
16,BIOL,BIOLASE INC COM,yes,Health Care Equipment & Supplies
17,BJDX,BLUEJAY DIAGNOSTICS INC COM,yes,Health Care Equipment & Supplies
18,BMRA,BIOMERICA INC COM,yes,Health Care Equipment & Supplies
19,CHEK,CHECK-CAP LTD COM,yes,Health Care Equipment & Supplies
20,COCH,ENVOY MEDICAL INC COM CL A,yes,Health Care Equipment & Supplies
21,CODX,CO DIAGNOSTICS INC COM,yes,Health Care Equipment & Supplies
22,CTSO,CYTOSORBENTS CORP COM,yes,Health Care Equipment & Supplies
23,CUTR,CUTERA INC COM,yes,Health Care Equipment & Supplies
24,DCTH,DELCATH SYSTEMS INC COM,yes,Health Care Equipment & Supplies
25,DRTS,ALPHA TAU MEDICAL LTD COM,yes,Health Care Equipment & Supplies
26,DYNT,DYNATRONICS CORP COM,yes,Health Care Equipment & Supplies
27,EAR,EARGO INC COM,yes,Health Care Equipment & Supplies
28,EKSO,EKSO BIONICS HOLDINGS INC COM,yes,Health Care Equipment & Supplies
29,EMITF,ELBIT IMAGING LTD COM,yes,Health Care Equipment & Supplies
30,FEMY,FEMASYS INC COM,yes,Health Care Equipment & Supplies
31,HYPR,HYPERFINE INC COM CL A,yes,Health Care Equipment & Supplies
32,ICCM,ICECURE MEDICAL LTD CAESAREA COM,yes,Health Care Equipment & Supplies
33,ICU,SEASTAR MED HL COM,yes,Health Care Equipment & Supplies
34,IINN,INSPIRA TECHNOLOGIES COM,no,Health Care Equipment & Supplies
35,INVO,INVO BIO SCIENCE INC COM,yes,Health Care Equipment & Supplies
36,IRIX,IRIDEX CORP COM,yes,Health Care Equipment & Supplies
37,KRMD,KORU MEDICAL SYSTEMS INC COM,yes,Health Care Equipment & Supplies
38,LGMK,LOGICMARK INC COM,yes,Health Care Equipment & Supplies
39,LNSR,LENSAR INC COM,yes,Health Care Equipment & Supplies
40,LUCD,LUCID DIAGNOSTICS INC COM,yes,Health Care Equipment & Supplies
41,MBOT,MICROBOT MEDICAL INC COM,yes,Health Care Equipment & Supplies
42,MDAI,SPECTRAL AI INC COM CL A,yes,Health Care Equipment & Supplies
43,MDGS,MEDIGUS ADR,yes,Health Care Equipment & Supplies
44,MGRM,MONOGRAM ORTHOPAEDICS INC COM,yes,Health Care Equipment & Supplies
45,MLSS,MILESTONE SCIENTIFIC INC COM,yes,Health Care Equipment & Supplies
46,MODD,MODULAR MEDICAL INC COM,yes,Health Care Equipment & Supplies
47,MOTS,MOTUS GI HOLDINGS INC COM,yes,Health Care Equipment & Supplies
48,MYO,MYOMO INC COM,yes,Health Care Equipment & Supplies
49,NAOV,NANOVIBRONIX INC COM,yes,Health Care Equipment & Supplies
50,NDRA,ENDRA LIFE SCIENCES INC COM,yes,Health Care Equipment & Supplies
51,NMTC,NEUROONE MEDICAL TECH CORP COM,yes,Health Care Equipment & Supplies
52,NRXS,NEURAXIS INC COM,yes,Health Care Equipment & Supplies
53,NURO,NEUROMETRIX INC COM,yes,Health Care Equipment & Supplies
54,NVIV,INVIVO THERA HLDGS COM,yes,Health Care Equipment & Supplies
55,NVNO,ENVVENO MEDICAL CORP COM,yes,Health Care Equipment & Supplies
56,OM,OUTSET MEDICAL INC COM,yes,Health Care Equipment & Supplies
57,OSA,PROSOMNUS INC COM,yes,Health Care Equipment & Supplies
58,PAVM,PAVMED INC COM,yes,Health Care Equipment & Supplies
59,PETV,PETVIVO HLDGS INC COM,no,Health Care Equipment & Supplies
60,POAI,PREDICTIVE ONCOLOGY INC COM,yes,Health Care Equipment & Supplies
61,POSC,POSITRON CORP COM,no,Health Care Equipment & Supplies
62,RWLK,REWALK ROBOTICS LTD COM,yes,Health Care Equipment & Supplies
63,SCND,SCIENTIFIC INDUSTRIES INC COM,yes,Health Care Equipment & Supplies
64,SENS,SENSEONICS HOLDINGS INC COM,yes,Health Care Equipment & Supplies
65,SGHT,SIGHT SCIENCES INC COM,yes,Health Care Equipment & Supplies
66,SRTS,SENSUS HEALTHCARE INC COM,yes,Health Care Equipment & Supplies
67,SSII,SS INNOVATIONS INTERNATIONAL COM,no,Health Care Equipment & Supplies
68,SSKN,STRATA SKIN SCIENCES INC COM,yes,Health Care Equipment & Supplies
69,STIM,NEURONETICS INC COM,yes,Health Care Equipment & Supplies
70,STXS,STEREOTAXIS INC COM,yes,Health Care Equipment & Supplies
71,TIVC,TIVIC HEALTH SYSTEMS INC COM,yes,Health Care Equipment & Supplies
72,TNON,TENON MEDICAL INC COM,yes,Health Care Equipment & Supplies
73,UTRS,MINERVA SURGICAL INC COM,no,Health Care Equipment & Supplies
74,VANI,VIVANI MEDICAL COM,yes,Health Care Equipment & Supplies
75,VAPO,VAPOTHERM INC COM,yes,Health Care Equipment & Supplies
76,VERO,VENUS CONCEPT INC COM,yes,Health Care Equipment & Supplies
77,VTAK,CATHETER PRECISION INC COM,yes,Health Care Equipment & Supplies
78,XAIR,BEYOND AIR INC COM,no,Health Care Equipment & Supplies
79,ARTH,ARCH THERAPEUTICS INC COM,yes,Health Care Equipment & Supplies
80,BVS,BIOVENTUS INC COM CL A,yes,Health Care Equipment & Supplies
81,CERS,CERUS CORP COM,yes,Health Care Equipment & Supplies
82,MHUA,MEIHUA INTL MED TECHNOLOGIES COM,no,Health Care Equipment & Supplies
83,NSPR,INSPIREMD INC COM,yes,Health Care Equipment & Supplies
84,NXGL,NEXGEL INC COM,no,Health Care Equipment & Supplies
85,RMTI,ROCKWELL MEDICAL INC COM,yes,Health Care Equipment & Supplies
86,RVP,RETRACTABLE TECHNOLOGIES INC COM,yes,Health Care Equipment & Supplies
87,SHWGY,SHANDONG WEIGAO GROUP MEDICAL ADR UNSPONSORED,no,Health Care Equipment & Supplies
88,SIEN,SIENTRA INC COM,yes,Health Care Equipment & Supplies
89,VNRX,VOLITIONRX LIMITED COM,yes,Health Care Equipment & Supplies
90,XTNT,XTANT MEDICAL HLDGS INC COM,yes,Health Care Equipment & Supplies
91,ZTEK,ZENTEK LTD COM,yes,Health Care Equipment & Supplies
92,AHG,AKSO HEALTH GROUP ADR,no,Health Care Providers & Services
93,BIMI,BIMI INTERNATIONAL MEDICAL INC COM,yes,Health Care Providers & Services
94,COSM,COSMOS HEALTH INC COM,yes,Health Care Providers & Services
95,GEG,GREAT ELM GROUP INC COM,yes,Health Care Providers & Services
96,VRAX,VIRAX BIOLABS GROUP LTD COM,yes,Health Care Providers & Services
97,AIH,AESTHETIC MEDICAL INTL HLDGS G ADR,yes,Health Care Providers & Services
98,AMS,AMER SHARED HOSPITAL SERVICES COM,no,Health Care Providers & Services
99,AVAH,AVEANNA HEALTHCARE HLDGS INC COM,yes,Health Care Providers & Services
100,BDSX,BIODESIX INC COM,yes,Health Care Providers & Services
101,CCM,CONCORD MEDICAL SE ADR SPONSORED,yes,Health Care Providers & Services
102,CLRD,CLEARDAY INC COM,yes,Health Care Providers & Services
103,CNTG,CENTOGENE NV COM,yes,Health Care Providers & Services
104,CORBF,GLOBAL CORD BLOOD CORPORATION COM,no,Health Care Providers & Services
105,DCGO,DOCGO INC COM,yes,Health Care Providers & Services
106,ENZ,ENZO BIOCHEM INC COM,yes,Health Care Providers & Services
107,EUDA,EUDA HEALTH HLDGS COM,no,Health Care Providers & Services
108,HWAIF,HEALWELL AI INC COM CL A,yes,Health Care Providers & Services
109,IDXG,INTERPACE BIOSCIENCES INC COM,yes,Health Care Providers & Services
110,LIFW,MSP RECOVERY INC COM CL A,yes,Health Care Providers & Services
111,ME,23ANDME HLDG CO COM,yes,Health Care Providers & Services
112,NVOS,NOVO INTEGRATED SCIENCES INC COM,yes,Health Care Providers & Services
113,OPK,OPKO HEALTH INC COM,yes,Health Care Providers & Services
114,OTRKP,ONTRAK INC 9.5% CUM PERP PDF STK SE *CLBL,no,Health Care Providers & Services
115,PIII,P3 HEALTH PARTNERS INC COM CL A,no,Health Care Providers & Services
116,PMD,PSYCHEMEDICS CORP COM,yes,Health Care Providers & Services
117,PRE,PRENETICS GLOBAL LIMITED COM,yes,Health Care Providers & Services
118,QIPT,QUIPT HOME MEDICAL CORP COM,no,Health Care Providers & Services
119,STRR,STAR EQUITY HOLDINGS INC COM,yes,Health Care Providers & Services
120,SYRA,SYRA HEALTH CORP COM CL A,yes,Health Care Providers & Services
121,TALK,TALKSPACE INC COM,yes,Health Care Providers & Services
122,WGS,GENEDX HOLDINGS CORP COM CL A,yes,Health Care Providers & Services
123,WHTCF,WELL HEALTH TECHNOLOGIES CORP COM,no,Health Care Providers & Services
124,BACK,IMAC HOLDINGS INC COM,yes,Health Care Providers & Services
125,BICX,BIOCORRX INC COM,yes,Health Care Providers & Services
126,CANO,CANO HEALTH INC COM CL A,yes,Health Care Providers & Services
127,CYH,COMMUNITY HEALTH SYS INC COM,yes,Health Care Providers & Services
128,RHE,REGIONAL HEALTH PROPERTIES INC COM NPV (POST REV SPLIT),yes,Health Care Providers & Services
129,SSY,SUNLINK HEALTH SYSTEMS INC COM,no,Health Care Providers & Services
130,TOI,THE ONCOLOGY INSTITUTE INC COM,yes,Health Care Providers & Services
131,CLOV,CLOVER HEALTH INVESTMENTS CORP COM CL A,yes,Health Care Providers & Services
132,PFHO,PACIFIC HEALTH CAR COM,no,Health Care Providers & Services
133,ACON,ACLARION INC COM,yes,Health Care Technology
134,AHI,ADVANCED HEALTH INTLGNCE LTD ADR SPONSORED,no,Health Care Technology
135,AMWL,AMERICAN WELL CORP COM CL A,yes,Health Care Technology
136,AUGX,AUGMEDIX INC COM,yes,Health Care Technology
137,BFRGW,BULLFROG AI HLDGS INC WARRANT,yes,Health Care Technology
138,BTCY,BIOTRICITY INC COM,no,Health Care Technology
139,CCLD,CARECLOUD INC COM,yes,Health Care Technology
140,CMPD,COMPUMED INC COM,no,Health Care Technology
141,DRIO,DARIOHEALTH CORP COM,yes,Health Care Technology
142,ECSL,ECARE SOLUTIONS INC COM,yes,Health Care Technology
143,FORA,FORIAN INC COM,yes,Health Care Technology
144,HCTI,HEALTHCARE TRIANGLE INC COM,no,Health Care Technology
145,ICAD,ICAD INC COM,yes,Health Care Technology
146,ICCT,ICORECONNECT INC COM,yes,Health Care Technology
147,KSIOF,KNEAT COM INC COM,yes,Health Care Technology
148,MEDS,TRXADE HEALTH INC COM,no,Health Care Technology
149,MPLN,MULTIPLAN CORPORATION COM,yes,Health Care Technology
150,ONMD,ONEMEDNET CORP COM CL A,yes,Health Care Technology
151,SHCR,SHARECARE INC COM COM CL A,yes,Health Care Technology
152,SOPH,SOPHIA GENETICS SA COM,no,Health Care Technology
153,VHIBF,VITALHUB CORP COM,yes,Health Care Technology
154,WORX,SCWORX CORP COM,yes,Health Care Technology
155,AADI,AADI BIOSCIENCE INC COM,yes,Biotechnology
156,ABEO,ABEONA THERAPEUTICS INC COM,yes,Biotechnology
157,ABIO,ARCA BIOPHARMA INC COM,no,Biotechnology
158,ABOS,ACUMEN PHARMACEUTICALS INC COM,yes,Biotechnology
159,ABSI,ABSCI CORP COM,yes,Biotechnology
160,ABUS,ARBUTUS BIOPHARMA CORP COM,yes,Biotechnology
161,ABVC,ABVC BIOPHARMA INC COM,no,Biotechnology
162,ACET,ADICET BIO INC COM,yes,Biotechnology
163,ACHL,ACHILLES THERAPEUTICS PLC ADR,yes,Biotechnology
164,ACHV,ACHIEVE LIFE SCIENCE INC COM,yes,Biotechnology
165,ACIU,AC IMMUNE SA COM,yes,Biotechnology
166,ACOGF,ALPHA COGNITION INC COM,yes,Biotechnology
167,ACRV,ACRIVON THERAPEUTICS INC COM,yes,Biotechnology
168,ACUT,ACCUSTEM SCIENCES INC COM,yes,Biotechnology
169,ACXP,ACURX PHARMACEUTICALS INC COM,no,Biotechnology
170,ADAG,ADAGENE INC ADR,yes,Biotechnology
171,ADAP,ADAPTIMMUNE THERAPEUTICS PLC ADR,yes,Biotechnology
172,ADCT,ADC THERAPEUTICS SA COM,yes,Biotechnology
173,ADTX,ADITX INC COM,yes,Biotechnology
174,ADVM,ADVERUM BIOTECHNOLOGIES INC COM,yes,Biotechnology
175,ADXS,AYALA PHARMACEUTICALS INC COM,yes,Biotechnology
176,AEZS,AETERNA ZENTARIS INC COM,yes,Biotechnology
177,AFMD,AFFIMED N V COM,yes,Biotechnology
178,AGEN,AGENUS INC COM,yes,Biotechnology
179,AIMD,AINOS INC COM,yes,Biotechnology
180,AKBA,AKEBIA THERAPEUTICS INC COM,yes,Biotechnology
181,AKTX,AKARI THERAPEUTICS PLC ADR,yes,Biotechnology
182,ALDX,ALDEYRA THERAPEUTICS COM,yes,Biotechnology
183,ALGS,ALIGOS THERAPEUTICS INC COM,yes,Biotechnology
184,ALLK,ALLAKOS INC COM,yes,Biotechnology
185,ALLO,ALLOGENE THERAPEUTICS INC COM,yes,Biotechnology
186,ALVOW,ALVOTECH WARRANT,yes,Biotechnology
187,ALVR,ALLOVIR INC COM,yes,Biotechnology
188,ALZN,ALZAMEND NEURO INC COM,yes,Biotechnology
189,AMRN,AMARIN CORP ADR SPONSORED,yes,Biotechnology
190,ANIX,ANIXA BIOSCIENCES INC COM,yes,Biotechnology
191,ANNX,ANNEXON INC COM,yes,Biotechnology
192,APLM,APOLLOMICS INC COM CL A,yes,Biotechnology
193,APLT,APPLIED THERAPEUTICS INC COM,yes,Biotechnology
194,APM,APTORUM GROUP LIMITED COM CL A,yes,Biotechnology
195,APTO,APTOSE BIOSCIENCES INC COM,yes,Biotechnology
196,AQB,AQUABOUNTY TECHNOLOGIES INC COM,yes,Biotechnology
197,ARMP,ARMATA PHARMACEUTICALS INC COM,yes,Biotechnology
198,ASLN,ASLAN PHARMACEUTICALS LIMITED ADR,yes,Biotechnology
199,ASMB,ASSEMBLY BIOSCIENCES INC COM,yes,Biotechnology
200,ATHE,ALTERITY THERAPEUTICS LIMITED ADR SPONSORED,,Biotechnology
201,ATOS,ATOSSA THERAPEUTICS INC COM,,Biotechnology
202,ATRA,ATARA BIOTHERAPEUTICS INC COM,,Biotechnology
203,AVRO,AVROBIO INC COM,,Biotechnology
204,AVTX,AVALO THERAPEUTICS INC COM,,Biotechnology
205,AZTR,AZITRA INC COM,,Biotechnology
206,BBLG,BONE BIOLOGICS CORP COM,,Biotechnology
207,BCAB,BIOATLA INC COM,,Biotechnology
208,BCTX,BRIACELL THERAPEUTICS CORP NEW COM,,Biotechnology
209,BDRX,BIODEXA PHARMACEUTICALS PLC ADR,,Biotechnology
210,BDTX,BLACK DIAMOND THERAPEUTICS INC COM,,Biotechnology
211,BIAF,BIOAFFINITY TECHNOLOGIES INC COM,,Biotechnology
212,BIOR,BIORA THERAPEUTICS INC COM,,Biotechnology
213,BIVI,BIOVIE INC COM CL A,,Biotechnology
214,BLRX,BIOLINE RX LTD ADR SPONSORED,,Biotechnology
215,BLUE,BLUEBIRD BIO INC COM,,Biotechnology
216,BNOX,BIONOMICS LTD ADR,,Biotechnology
217,BNR,BURNING ROCK BIOTECH LTD ADR,,Biotechnology
218,BNTC,BENITEC BIOPHARMA INC COM,,Biotechnology
219,BOLT,BOLT BIOTHERAPEUTICS INC COM,,Biotechnology
220,BPTS,BIOPHYTIS ADR SPONSORED,,Biotechnology
221,BRNS,BARINTHUS BIOTHERAPEUTICS PLC ADR,,Biotechnology
222,BRTX,BIORESTORATIVE THERAPIES INC COM,,Biotechnology
223,BTAI,BIOXCEL THERAPEUTICS INC COM,,Biotechnology
224,BYSI,BEYONDSPRING INC COM,,Biotechnology
225,CADL,CANDEL THERAPEUTICS INC COM,,Biotechnology
226,CANF,CAN FITE BIOPHARMA LTD ADR SPONSORED,,Biotechnology
227,CAPR,CAPRICOR THERAPEUTICS INC COM,,Biotechnology
228,CARM,CARISMA THERAPEUTICS INC COM,,Biotechnology
229,CATX,PERSPECTIVE THERAPEUTICS INC COM,,Biotechnology
230,CDIO,CARDIO DIAGNOSTICS HLDGS INC COM,,Biotechnology
231,CDTX,CIDARA THERAPEUTICS INC COM,,Biotechnology
232,CELZ,CREATIVE MEDICAL TECH HOLDING COM,,Biotechnology
233,CHRS,COHERUS BIOSCIENCES INC COM,,Biotechnology
234,CKPT,CHECKPOINT THERAPEUTICS INC COM,,Biotechnology
235,CLDI,CALIDI BIOTHERAPEUTICS INC COM,,Biotechnology
236,CLGN,COLLPLANT BIOTECHNOLOGIES LTD COM,,Biotechnology
237,CLLS,CELLECTIS ADR SPONSORED,,Biotechnology
238,CLNN,CLENE INC COM,,Biotechnology
239,CLRB,CELLECTAR BIOSCIENCES INC COM,,Biotechnology
240,CMMB,CHEMOMAB THERAPEUTICS LTD ADR,,Biotechnology
241,CMPX,COMPASS THERAPEUTICS INC COM,,Biotechnology
242,CMRX,CHIMERIX INC COM,,Biotechnology
243,CNTB,CONNECT BIOPHARMA HLDGS LTD ADR,,Biotechnology
244,COEP,COEPTIS THERAPEUTICS HLDGS INC COM,,Biotechnology
245,COGT,COGENT BIOSCIENCES INC COM,,Biotechnology
246,CRDF,CARDIFF ONCOLOGY INC COM,,Biotechnology
247,CRVS,CORVUS PHARMACEUTICALS INC COM,,Biotechnology
248,CTCX,CARMELL CORPORATION COM,,Biotechnology
249,CTMX,CYTOMX THERAPEUTICS INC COM,,Biotechnology
250,CUE,CUE BIOPHARMA INC COM,,Biotechnology
251,CVAC,CUREVAC N V COM,,Biotechnology
252,CVALF,COVALON TECHNOLOGIES LTD COM,,Biotechnology
253,CVM,CEL-SCI CORP COM,,Biotechnology
254,CWBR,COHBAR INC COM,,Biotechnology
255,CYCC,CYCLACEL PHARMACEUTICALS INC COM,,Biotechnology
256,CYCN,CYCLERION THERAPEUTICS INC COM,,Biotechnology
257,CYT,CYTEIR THERAPEUTICS INC COM,,Biotechnology
258,CYTH,CYCLO THERAPEUTICS INC COM,,Biotechnology
259,DBVT,DBV TECHNOLOGIES ADR SPONSORED,,Biotechnology
260,DMAC,DIAMEDICA THERAPEUTICS INC COM,,Biotechnology
261,DMTK,DERMTECH INC COM,,Biotechnology
262,DOMH,DOMINARI HOLDINGS INC COM,,Biotechnology
263,DRMA,DERMATA THERAPEUTICS INC COM,,Biotechnology
264,DRUG,BRIGHT MINDS BIOSCIENCES INC COM,,Biotechnology
265,DSGN,DESIGN THERAPEUTICS INC COM,,Biotechnology
266,DTCFF,DEFENCE THERAPEUTICS INC COM CL A,,Biotechnology
267,DYAI,DYADIC INTERNATIONAL INC COM,,Biotechnology
268,EBS,EMERGENT BIOSOLUTIONS INC COM,,Biotechnology
269,EDSA,EDESA BIOTECH INC COM,,Biotechnology
270,ELDN,ELEDON PHARMACEUTICALS INC COM,,Biotechnology
271,ELEV,ELEVATION ONCOLOGY INC COM,,Biotechnology
272,ELTX,ELICIO THERAPEUTICS INC COM,,Biotechnology
273,ELUT,ELUTIA INC COM CL A,,Biotechnology
274,ELYM,ELIEM THERAPEUTICS INC COM,,Biotechnology
275,ENLV,ENLIVEX THERAPEUTICS LTD COM,,Biotechnology
276,ENSC,ENSYSCE BIOSCIENCES INC COM,,Biotechnology
277,ENTX,ENTERA BIO LTD COM,,Biotechnology
278,EQ,EQUILLIUM INC COM,,Biotechnology
279,ERAS,ERASCA INC COM,,Biotechnology
280,ERNA,ETERNA THERAPEUTICS INC COM,,Biotechnology
281,ESLA,ESTRELLA IMMUNOPHARMA INC COM,,Biotechnology
282,EVGN,EVOGENE LTD COM,,Biotechnology
283,FATE,FATE THERAPEUTICS COM,,Biotechnology
284,FBIO,FORTRESS BIOTECH INC COM,,Biotechnology
285,FBRX,FORTE BIOSCIENCES INC COM,,Biotechnology
286,FGEN,FIBROGEN INC COM,,Biotechnology
287,FHTX,FOGHORN THERAPEUTICS INC COM,,Biotechnology
288,FIXX,HOMOLOGY MEDICINES INC COM,,Biotechnology
289,FNCH,FINCH THERAPEUTICS GROUP INC COM,,Biotechnology
290,FRTX,FRESH TRACKS THERAPEUTICS INC COM,,Biotechnology
291,FWBI,FIRST WAVE BIOPHARMA INC COM,,Biotechnology
292,GALT,GALECTIN THERAPEUTICS INC COM,,Biotechnology
293,GANX,GAIN THERAPEUTICS INC COM,,Biotechnology
294,GBIO,GENERATION BIO CO COM,,Biotechnology
295,GDTC,CYTOMED THERAPEUTICS COM,,Biotechnology
296,GERN,GERON CORP COM,,Biotechnology
297,GLTO,GALECTO INC COM,,Biotechnology
298,GLYC,GLYCOMIMETICS INC COM,,Biotechnology
299,GNFT,GENFIT ADR SPONSORED,,Biotechnology
300,GNTA,GENENTA SCIENCE SPA ADR,,Biotechnology
301,GOSS,GOSSAMER BIO INC COM,,Biotechnology
302,GRPH,GRAPHITE BIO INC COM,,Biotechnology
303,GRTS,GRITSTONE BIO INC COM,,Biotechnology
304,GTH,GENETRON HOLDINGS LIMITED ADR,,Biotechnology
305,GTHX,G1 THERAPEUTICS IN COM,,Biotechnology
306,HCWB,HCW BIOLOGICS INC COM,,Biotechnology
307,HOOK,HOOKIPA PHARMA INC COM,,Biotechnology
308,HOWL,WEREWOLF THERAPEUTICS INC COM,,Biotechnology
309,HRGN,HARVARD APPARATUS REGENERATIVE COM,,Biotechnology
310,HRTX,HERON THERAPEUTICS INC COM,,Biotechnology
311,HSTC,HST GLOBAL INC COM,,Biotechnology
312,HUMA,HUMACYTE INC COM,,Biotechnology
313,IBIO,IBIO INC COM,,Biotechnology
314,IBRX,IMMUNITYBIO INC COM,,Biotechnology
315,IDRSF,IDORSIA LTD COM,,Biotechnology
316,IFRX,INFLARX N V COM,,Biotechnology
317,IKT,INHIBIKASE THERAPEUTICS INC COM,,Biotechnology
318,IMAB,I MAB ADR,,Biotechnology
319,IMMP,IMMUTEP LTD ADR SPONSORED,,Biotechnology
320,IMMX,IMMIX BIOPHARMA INC COM,,Biotechnology
321,IMNN,IMUNON INC COM,,Biotechnology
322,IMRN,IMMURON LIMITED ADR SPONSORED,,Biotechnology
323,IMUX,IMMUNIC INC COM,,Biotechnology
324,INAB,IN8BIO INC COM,,Biotechnology
325,INDP,INDAPTUS THERAPEUTICS INC COM,,Biotechnology
326,INKT,MINK THERAPEUTICS INC COM,,Biotechnology
327,INTS,INTENSITY THERAPEUTICS INC COM,,Biotechnology
328,INZY,INOZYME PHARMA INC COM,,Biotechnology
329,IOBT,IO BIOTECH INC COM,,Biotechnology
330,IPHA,INNATE PHARMA ADR SPONSORED,,Biotechnology
331,IPSC,CENTURY THERAPEUTICS INC COM,,Biotechnology
332,IVA,INVENTIVA SA ADR SPONSORED,,Biotechnology
333,IVVD,INVIVYD INC COM,,Biotechnology
334,KA,KINETA INC COM,,Biotechnology
335,KNTE,KINNATE BIOPHARMA INC COM,,Biotechnology
336,KOD,KODIAK SCIENCES INC COM,,Biotechnology
337,KPTI,KARYOPHARM THERAPEUTICS INC COM,,Biotechnology
338,KRBP,KIROMIC BIOPHARMA INC COM,,Biotechnology
339,KRON,KRONOS BIO INC COM,,Biotechnology
340,KZR,KEZAR LIFE SCIENCES INC COM,,Biotechnology
341,LADX,LADRX CORP COM,,Biotechnology
342,LCTX,LINEAGE CELL THERAPEUTICS INC COM,,Biotechnology
343,LGVN,LONGEVERON INC COM,,Biotechnology
344,LIAN,LIANBIO ADR,,Biotechnology
345,LIFE,ATYR PHARMA INC COM,,Biotechnology
346,LIPO,LIPELLA PHARMACEUTICALS INC COM,,Biotechnology
347,LIXT,LIXTE BIOTECHNOLOG COM,,Biotechnology
348,LPTX,LEAP THERAPEUTICS INC COM,,Biotechnology
349,LRMR,LARIMAR THERAPEUTICS INC COM,,Biotechnology
350,LSTA,LISATA THERAPEUTICS INC COM,,Biotechnology
351,LTRN,LANTERN PHARMA INC COM,,Biotechnology
352,LUMO,LUMOS PHARMA INC COM,,Biotechnology
353,LVTX,LAVA THERAPEUTICS NV COM,,Biotechnology
354,LXRX,LEXICON PHARMACEUTICALS INC COM,,Biotechnology
355,LYEL,LYELL IMMUNOPHARMA INC COM,,Biotechnology
356,MAIA,MAIA BIOTECHNOLOGY INC COM,,Biotechnology
357,MBIO,MUSTANG BIO INC COM,,Biotechnology
358,MCRB,SERES THERAPEUTICS COM,,Biotechnology
359,MCUJF,MEDICURE INC COM,,Biotechnology
360,MDXH,MDXHEALTH COM,,Biotechnology
361,MEIP,MEI PHARMA INC COM,,Biotechnology
362,MESO,MESOBLAST LTD ADR SPONSORED,,Biotechnology
363,MNKD,MANNKIND CORPORATION COM,,Biotechnology
364,MNOV,MEDICINOVA INC COM,,Biotechnology
365,MOLN,MOLECULAR PARTNERS AG ADR SPONSORED,,Biotechnology
366,MREO,MEREO BIOPHARMA GROUP PLC ADR,,Biotechnology
367,MRKR,MARKER THERAPEUTICS INC COM,,Biotechnology
368,MRSN,MERSANA THERAPEUTICS INC COM,,Biotechnology
369,MTEM,MOLECULAR TEMPLATES INC COM,,Biotechnology
370,MURA,MURAL ONCOLOGY PUB LTD COM,,Biotechnology
371,MYNZ,MAINZ BIOMED NV COM,,Biotechnology
372,NBSE,NEUBASE THERAPEUTICS INC COM,,Biotechnology
373,NKGN,NKGEN BIOTECH INC COM,,Biotechnology
374,NNVC,NANOVIRICIDES INC COM,,Biotechnology
375,NRBO,NEUROBO PHARMA COM,,Biotechnology
376,NRSN,NEUROSENSE THERAPEUTICS LTD COM,,Biotechnology
377,NTBL,NOTABLE LABS LTD COM,,Biotechnology
378,NVAX,NOVAVAX INC COM,,Biotechnology
379,NWBO,NORTHWEST BIOTHERAPEUTICS INC COM,,Biotechnology
380,NXTC,NEXTCURE INC COM,,Biotechnology
381,OCEA,OCEAN BIOMEDICAL INC COM,,Biotechnology
382,OCEL,ORGANICELL REGENERATIVE MEDICI COM,,Biotechnology
383,OCGN,OCUGEN INC COM,,Biotechnology
384,OCX,ONCOCYTE CORP COM,,Biotechnology
385,OGEN,ORAGENICS INC COM,,Biotechnology
386,OKYO,OKYO PHARMA CORP COM,,Biotechnology
387,OMGA,OMEGA THERAPEUTICS INC COM,,Biotechnology
388,ONCY,ONCOLYTICS BIOTECH INC COM,,Biotechnology
389,ONVO,ORGANOVO HLDGS INC COM,,Biotechnology
390,OPT,OPTHEA LIMITED ADR SPONSORED,,Biotechnology
391,ORGO,ORGANOGENESIS HOLDINGS INC COM,,Biotechnology
392,OVID,OVID THERAPEUTICS INC COM,,Biotechnology
393,PASG,PASSAGE BIO INC COM,,Biotechnology
394,PBLA,PANBELA THERAPEUTICS INC COM,,Biotechnology
395,PBYI,PUMA BIOTECHNOLOGY INC COM,,Biotechnology
396,PGEN,PRECIGEN INC COM,,Biotechnology
397,PHIO,PHIO PHARMACEUTICALS CORP COM,,Biotechnology
398,PHXM,PHAXIAM THERAPEUTICS S A ADR SPONSORED,,Biotechnology
399,PLUR,PLURI INC COM,,Biotechnology
400,PLX,PROTALIX BIOTHERAPEUTICS INC COM,,Biotechnology
401,PMCB,PHARMACYTE BIOTECH INC COM,,Biotechnology
402,PMN,PROMIS NEUROSCIENCES INC COM,,Biotechnology
403,PMVP,PMV PHARMACEUTICALS INC COM,,Biotechnology
404,PRLD,PRELUDE THERAPEUTICS INC COM,,Biotechnology
405,PROK,PROKIDNEY CORP COM CL A,,Biotechnology
406,PRQR,PROQR THERAPEUTICS N V COM,,Biotechnology
407,PRTG,PORTAGE BIOTECH INC COM,,Biotechnology
408,PSTV,PLUS THERAPEUTICS INC COM,,Biotechnology
409,PSTX,POSEIDA THERAPETUICS INC COM,,Biotechnology
410,PTIX,PROTAGENIC THERAPEUTICS INC COM,,Biotechnology
411,PTN,PALATIN TECHNOLOGIES INC COM,,Biotechnology
412,PYXS,PYXIS ONCOLOGY INC COM,,Biotechnology
413,QNCX,CORTEXYME INC COM,,Biotechnology
414,QNRX,QUOIN PHARMACEUTICALS LTD ADR,,Biotechnology
415,RENB,RENOVARO BIOSCIENCES INC COM,,Biotechnology
416,RGLS,REGULUS THERAPEUTICS INC COM,,Biotechnology
417,RIGL,RIGEL PHARMACEUTICALS INC COM,,Biotechnology
418,RLYB,RALLYBIO CORP COM,,Biotechnology
419,RNAC,CARTESIAN THERAPEUTICS INC COM,,Biotechnology
420,RNAZ,TRANSCODE THERAPEUTICS INC COM,,Biotechnology
421,RNXT,RENOVORX INC COM,,Biotechnology
422,RPHM,RENEO PHARMACEUTIC COM,,Biotechnology
423,RZLT,REZOLUTE INC COM,,Biotechnology
424,SCNI,SCINAI IMMUNOTHERAPEUTICS LTD ADR SPONSORED,,Biotechnology
425,SILO,SILO PHARMA INC COM,,Biotechnology
426,SKYE,SKYE BIOSCIENCE INC COM,,Biotechnology
427,SLRX,SALARIUS PHARMACEUTICALS INC COM,,Biotechnology
428,SLS,SELLAS LIFE SCIENCES GROUP INC COM,,Biotechnology
429,SMMT,SUMMIT THERAPEUTICS INC COM,,Biotechnology
430,SNGX,SOLIGENIX INC COM,,Biotechnology
431,SNSE,SENSEI BIOTHERAPEUTICS INC COM,,Biotechnology
432,SONN,SONNET BIOTHERAPEUTICS HLDGS I COM,,Biotechnology
433,SPRB,SPRUCE BIOSCIENCES INC COM,,Biotechnology
434,SPRO,SPERO THERAPEUTICS INC COM,,Biotechnology
435,STOK,STOKE THERAPEUTICS INC COM,,Biotechnology
436,STRO,SUTRO BIOPHARMA INC COM,,Biotechnology
437,SVRA,SAVARA INC COM,,Biotechnology
438,SYBX,SYNLOGIC INC COM,,Biotechnology
439,TARA,PROTARA THERAPEUTICS INC COM,,Biotechnology
440,TCBP,TC BIOPHARM HLDGS LTD ADR,,Biotechnology
441,THTX,THERATECHNOLOGIES INC COM,,Biotechnology
442,TLSA,TIZIANA LIFE SCIENCES LTD COM,,Biotechnology
443,TLSIW,TRISALUS LIFE SCIENCES INC WARRANT,,Biotechnology
444,TNYA,TENAYA THERAPEUTICS INC COM,,Biotechnology
445,TPST,TEMPEST THERAPEUTICS INC COM,,Biotechnology
446,TRVN,TREVENA INC COM,,Biotechnology
447,TSBX,TURNSTONE BIOLOGICS CORP COM,,Biotechnology
448,TSHA,TAYSHA GENE THERAPIES INC COM,,Biotechnology
449,TSVT,2SEVENTY BIO INC COM,,Biotechnology
450,TTOO,T2 BIOSYSTEMS INC COM,,Biotechnology
451,UBX,UNITY BIOTECHNOLOGY INC COM,,Biotechnology
452,UNCY,UNICYCIVE THERAPEUTICS INC COM,,Biotechnology
453,VAXX,VAXXINITY INC COM CL A,,Biotechnology
454,VBIV,VBI VACCINES INC CDA COM,,Biotechnology
455,VCNX,VACCINEX INC COM,,Biotechnology
456,VIGL,VIGIL NEUROSCIENCE INC COM,,Biotechnology
457,VINC,VINCERX PHARMA INC COM,,Biotechnology
458,VIRX,VIRACTA THERAPEUTICS INC COM,,Biotechnology
459,VNDA,VANDA PHARMACE INC COM,,Biotechnology
460,VOR,VOR BIOPHARMA INC COM,,Biotechnology
461,VTGN,VISTAGEN THERAPEUTICS INC COM,,Biotechnology
462,VXRT,VAXART INC COM,,Biotechnology
463,XBIO,XENETIC BIOSCIENCES INC COM,,Biotechnology
464,XBIT,XBIOTECH INC COM,,Biotechnology
465,XCUR,EXICURE INC COM,,Biotechnology
466,XFOR,X4 PHARMACEUTICALS INC COM,,Biotechnology
467,XGN,EXAGEN INC COM,,Biotechnology
468,XLO,XILIO THERAPEUTICS INC COM,,Biotechnology
469,XTLB,XTL BIOPHARMACEUTICALS LTD ADR SPONSORED,,Biotechnology
470,YECO,YULONG ECO-MATERIALS LIMITED COM,,Biotechnology
471,ZURA,ZURA BIO LIMITED COM CL A,,Biotechnology
472,ZVSA,ZYVERSA THERAPEUTICS INC COM,,Biotechnology
473,ACRS,ACLARIS THERAPEUTICS INC COM,,Pharmaceuticals
474,ACST,ACASTI PHARMA INC COM CL A,,Pharmaceuticals
475,ADIL,ADIAL PHARMACEUTICALS INC COM,,Pharmaceuticals
476,AGRX,AGILE THERAPEUTICS INC COM,,Pharmaceuticals
477,ALIM,ALIMERA SCIENCES INC COM,,Pharmaceuticals
478,AMPE,AMPIO PHARMACEUTICALS INC COM,,Pharmaceuticals
479,ANEB,ANEBULO PHARMACEUTICALS INC COM,,Pharmaceuticals
480,AQST,AQUESTIVE THERAPEUTICS INC COM,,Pharmaceuticals
481,ARTL,ARTELO BIOSCIENCES INC COM,,Pharmaceuticals
482,ASRT,ASSERTIO HOLDINGS INC COM,,Pharmaceuticals
483,ATAI,ATAI LIFE SCIENCES COM,,Pharmaceuticals
484,ATBPF,ANTIBE THERAPEUTICS INC COM,,Pharmaceuticals
485,ATHA,ATHIRA PHARMA INC COM,,Pharmaceuticals
486,AVIR,ATEA PHARMACEUTICALS INC COM,,Pharmaceuticals
487,AYRWF,AYR WELLNESS INC COM,,Pharmaceuticals
488,AYTU,AYTU BIOPHARMA INC COM,,Pharmaceuticals
489,BFRI,BIOFRONTERA INC COM,,Pharmaceuticals
490,BTMD,BIOTE CORP COM,,Pharmaceuticals
491,CARA,CARA THERAPEUTICS INC COM,,Pharmaceuticals
492,CGC,CANOPY GROWTH CORPORATION COM,,Pharmaceuticals
493,CGTX,COGNITION THERAPEUTICS INC COM,,Pharmaceuticals
494,CING,CINGULATE INC COM,,Pharmaceuticals
495,CLSD,CLEARSIDE BIOMEDICAL INC COM,,Pharmaceuticals
496,CLVR,CLEVER LEAVES HOLDINGS INC COM,,Pharmaceuticals
497,CMND,CLEARMIND MEDICINE INC COM,,Pharmaceuticals
498,CNTX,CONTEXT THERAPEUTICS INC COM,,Pharmaceuticals
499,COCP,COCRYSTAL PHARMA INC COM,,Pharmaceuticals
500,CPHRF,CIPHER PHARMACEUTICALS INC COM,,Pharmaceuticals
501,CPIX,CUMBERLAND PHARMACEUTICALS INC COM,,Pharmaceuticals
502,CRDL,CARDIOL THERAPEUTICS INC COM CL A,,Pharmaceuticals
503,CRLBF,CRESCO LABS INC COM,,Pharmaceuticals
504,CRMD,CORMEDIX INC COM,,Pharmaceuticals
505,CRON,CRONOS GROUP INC COM,,Pharmaceuticals
506,CTXR,CITIUS PHARMACEUTICALS INC COM,,Pharmaceuticals
507,CVKD,CADRENAL THERAPEUTICS INC COM,,Pharmaceuticals
508,CYTO,ALTAMIRA THERAPEUTICS LTD COM,,Pharmaceuticals
509,DMK,DMK PHARMACEUTICALS CORP COM,,Pharmaceuticals
510,DRRX,DURECT CORP COM,,Pharmaceuticals
511,ELOX,ELOXX PHARMACEUTICALS INC COM,,Pharmaceuticals
512,ENVB,ENVERIC BIOSCI COM,,Pharmaceuticals
513,ESPR,ESPERION THERAPEUTICS INC COM,,Pharmaceuticals
514,ETON,ETON PHARMACEUTICALS INC COM,,Pharmaceuticals
515,EVOK,EVOKE PHARMA INC COM,,Pharmaceuticals
516,EYEN,EYENOVIA INC COM,,Pharmaceuticals
517,HEPA,HEPION PHARMACEUTICALS INC COM,,Pharmaceuticals
518,HITI,HIGH TIDE INC COM,,Pharmaceuticals
519,HOTH,HOTH THERAPEUTICS INC COM,,Pharmaceuticals
520,HUGE,FSD PHARMA INC COM CL B,,Pharmaceuticals
521,IKNA,IKENA ONCOLOGY INC COM,,Pharmaceuticals
522,INCR,INTERCURE LTD COM,,Pharmaceuticals
523,ITRM,ITERUM THERAPEUTICS PLC COM,,Pharmaceuticals
524,IXHL,INCANNEX HEALTHCARE INC COM,,Pharmaceuticals
525,JUSHF,JUSHI HOLDINGS INC COM CL B,,Pharmaceuticals
526,KHTRF,KNIGHT THERAPEUTICS INC COM,,Pharmaceuticals
527,KPRX,KIORA PHARMACEUTICALS INC COM,,Pharmaceuticals
528,LABP,LANDOS BIOPHARMA INC COM,,Pharmaceuticals
529,LEXX,LEXARIA BIOSCIENCE CORP COM,,Pharmaceuticals
530,LEXXW,LEXARIA BIOSCIENCE CORP WARRANT,,Pharmaceuticals
531,LOVFF,CANNARA BIOTECH INC COM,,Pharmaceuticals
532,LPCN,LIPOCINE INC COM,,Pharmaceuticals
533,LYRA,LYRA THERAPEUTICS INC COM,,Pharmaceuticals
534,MEDXF,MEDEXUS PHARMACEUTICALS INC COM,,Pharmaceuticals
535,MILFF,1CM INC COM,,Pharmaceuticals
536,MIRA,MIRA PHARMACEUTICALS INC COM,,Pharmaceuticals
537,MIST,MILESTONE PHARMACEUTICALS INC COM,,Pharmaceuticals
538,MNMD,MIND MEDICINE (MINDMED) INC COM,,Pharmaceuticals
539,NGENF,NERVGEN PHARMA CORP COM,,Pharmaceuticals
540,NGM,NGM BIOPHARMACEUTICALS INC COM,,Pharmaceuticals
541,NKTR,NEKTAR THERAPEUTICS COM,,Pharmaceuticals
542,NTRB,NUTRIBAND INC COM,,Pharmaceuticals
543,NUVB,NUVATION BIO INC COM CL A,,Pharmaceuticals
544,OCSAW,OCULIS HOLDING AG WARRANT,,Pharmaceuticals
545,OCUL,OCULAR THERAPEUTIX INC COM,,Pharmaceuticals
546,OCUP,OCUPHIRE PHARMA INC COM,,Pharmaceuticals
547,OGI,ORGANIGRAM HOLDINGS INC COM,,Pharmaceuticals
548,OMER,OMEROS CORP COM,,Pharmaceuticals
549,ONTX,ONCONOVA THERAPEUTICS INC COM,,Pharmaceuticals
550,OPTN,OPTINOSE INC COM,,Pharmaceuticals
551,ORMP,ORAMED PHARMACEUTICALS INC COM,,Pharmaceuticals
552,PALI,PALISADE BIO INC COM,,Pharmaceuticals
553,PCSA,PROCESSA PHARMACEUTICALS INC COM,,Pharmaceuticals
554,PLNH,PLANET 13 HOLDINGS INC COM,,Pharmaceuticals
555,PPBT,PURPLE BIOTECH LTD ADR SPONSORED,,Pharmaceuticals
556,PRFX,PAINREFORM LTD COM,,Pharmaceuticals
557,PROC,PROCAPS GROUP COM USD0.01,,Pharmaceuticals
558,PRPH,PROPHASE LABS INC COM,,Pharmaceuticals
559,PRTT,PROTECT PHARMAS CORP COM,,Pharmaceuticals
560,PTPI,PETROS PHARMACEUTICALS INC COM,,Pharmaceuticals
561,PULM,PULMATRIX INCORPORATED COM,,Pharmaceuticals
562,PXMD,PAXMEDICA INC COM,,Pharmaceuticals
563,QLI,QILIAN INTL HLDG GROUP LTD COM,,Pharmaceuticals
564,RAIN,RAIN ONCOLOGY INC MRG $1.16 & 1:1 1/29/24,,Pharmaceuticals
565,RANI,RANI THERAPEUTICS HLDGS INC COM CL A,,Pharmaceuticals
566,RDHL,REDHILL BIOPHARMA LTD ADR,,Pharmaceuticals
567,RLMD,RELMADA THERAPEUTICS INC COM,,Pharmaceuticals
568,RVPH,REVIVA PHARMACEUTCLS HLDGS INC COM,,Pharmaceuticals
569,RVPHW,REVIVA PHARMACEUTCLS HLDGS INC WARRANT,,Pharmaceuticals
570,SCLX,SCILEX HOLDING COMPANY COM,,Pharmaceuticals
571,SCYX,SCYNEXIS INC COM,,Pharmaceuticals
572,SEEL,SEELOS THERAPEUTICS INC COM,,Pharmaceuticals
573,SHWZ,MEDICINE MAN TECHNOLOGIES INC COM,,Pharmaceuticals
574,SLGL,SOL GEL TECHNOLOGIES LTD COM,,Pharmaceuticals
575,SNDL,SNDL INC COM,,Pharmaceuticals
576,SNES,SENESTECH INC COM,,Pharmaceuticals
577,SPHRY,STARPHARMA HOLDINGS LIMITED ADR SPONSORED,,Pharmaceuticals
578,SPRC,SCISPARC LTD COM,,Pharmaceuticals
579,SXTC,CHINA SXT PHARMACEUTICALS INC COM,,Pharmaceuticals
580,SXTP,60 DEGREES PHARMACEUTICALS INC COM,,Pharmaceuticals
581,THRX,THESEUS PHARMACEUTICALS INC COM,,Pharmaceuticals
582,TLRY,TILRAY BRANDS INC COM,,Pharmaceuticals
583,TRVI,TREVI THERAPEUTICS INC COM,,Pharmaceuticals
584,TSNDF,TERRASCEND CORP COM,,Pharmaceuticals
585,TXMD,THERAPEUTICSMD INC COM,,Pharmaceuticals
586,UPC,UNIVERSE PHARMACEUTICALS INC COM,,Pharmaceuticals
587,VTYX,VENTYX BIOSCIENCES INC COM,,Pharmaceuticals
588,VYNE,VYNE THERAPEUTICS INC COM,,Pharmaceuticals
589,WVE,WAVE LIFE SCIENCES LTD COM,,Pharmaceuticals
590,XERS,XERIS BIOPHARMA HLDGS INC COM,,Pharmaceuticals
591,XRTX,XORTX THERAPEUTICS INC COM,,Pharmaceuticals
592,YCBD,CBDMD INC COM,,Pharmaceuticals
593,ACHFF,ARCH BIOPARTNERS INC COM,,Life Sciences Tools & Services
594,ADPT,ADAPTIVE BIOTECHNOLOGIES CORP COM,,Life Sciences Tools & Services
595,AKYA,AKOYA BIOSCIENCES INC COM,,Life Sciences Tools & Services
596,APDN,APPLIED DNA SCIENCES INC COM,,Life Sciences Tools & Services
597,BNGO,BIONANO GENOMICS INC COM,,Life Sciences Tools & Services
598,CDT,CONDUIT PHARMACEUTICALS INC COM,,Life Sciences Tools & Services
599,CDXC,CHROMADEX CORPORATION COM,,Life Sciences Tools & Services
600,CDXS,CODEXIS INC COM,,Life Sciences Tools & Services
601,CGEN,COMPUGEN COM,,Life Sciences Tools & Services
602,GENE,GENETIC TECH ADR SPONSORED,,Life Sciences Tools & Services
603,HBIO,HARVARD BIOSCIENCE INC COM,,Life Sciences Tools & Services
604,IPA,IMMUNOPRECISE ANTIBODIES LTD COM,,Life Sciences Tools & Services
605,LAB,STANDARD BIOTOOLS INC COM,,Life Sciences Tools & Services
606,NAUT,NAUTILUS BIOTECHNOLOGY INC COM,,Life Sciences Tools & Services
607,NOTV,INOTIV INC COM,,Life Sciences Tools & Services
608,PBSV,PHARMA-BIO SERVICES INC COM,,Life Sciences Tools & Services
609,PSNL,PERSONALIS INC COM,,Life Sciences Tools & Services
610,QSI,QUANTUM-SI INC COM CL A,,Life Sciences Tools & Services
611,RPID,RAPID MICRO BIOSYSTEMS INC COM,,Life Sciences Tools & Services
612,SEER,SEER INC COM CL A,,Life Sciences Tools & Services
613,SEQL,SEQLLL INC COM,,Life Sciences Tools & Services
614,SNCE,SCIENCE 37 HLDGS INC COM,,Life Sciences Tools & Services
615,TKNO,ALPHA TEKNOVA INC COM,,Life Sciences Tools & Services
616,ASYS,AMTECH SYSTEMS INC COM,,Semiconductors & Semiconductor Equipment
617,AXTI,AXT INC COM,,Semiconductors & Semiconductor Equipment
618,CVV,CVD EQUIPMENT CORP COM,,Semiconductors & Semiconductor Equipment
619,RBCN,RUBICON TECHNOLOGY INC COM,,Semiconductors & Semiconductor Equipment
620,RNWEY,REC SILICON ASA ADR UNSPONSORED,,Semiconductors & Semiconductor Equipment
621,AMSSY,AMS OSRAM AG ADR UNSPONSORED,,Semiconductors & Semiconductor Equipment
622,ASTI,ASCENT SOLAR TECHNOLOGIES INC COM,,Semiconductors & Semiconductor Equipment
623,GSIT,GSI TECHNOLOGY INC COM,,Semiconductors & Semiconductor Equipment
624,GUER,GUERRILLA RF INC COM,,Semiconductors & Semiconductor Equipment
625,KOPN,KOPIN CORP COM,,Semiconductors & Semiconductor Equipment
626,LAES,SEALSQ CORP COM,,Semiconductors & Semiconductor Equipment
627,LEDS,SEMILEDS CORPORATION COM,,Semiconductors & Semiconductor Equipment
628,MAXN,MAXEON SOLAR TECH LTD COM,,Semiconductors & Semiconductor Equipment
629,MOBX,MOBIX LABS INC COM CL A,,Semiconductors & Semiconductor Equipment
630,,NANO LABS LTD ADR,,Semiconductors & Semiconductor Equipment
631,POET,POET TECHNOLOGIES INC COM,,Semiconductors & Semiconductor Equipment
632,PXLW,PIXELWORKS INC COM,,Semiconductors & Semiconductor Equipment
633,RGTI,RIGETTI COMPUTING INC COM,,Semiconductors & Semiconductor Equipment
634,SPI,SPI ENERGY CO LTD COM,,Semiconductors & Semiconductor Equipment
635,SQNS,SEQUANS COMMUNICATIONS ADR,,Semiconductors & Semiconductor Equipment
636,TGAN,TRANSPHORM INC COM,,Semiconductors & Semiconductor Equipment
637,VLN,VALENS SEMICONDUCTOR LTD COM,,Semiconductors & Semiconductor Equipment
638,WKEY,WISEKEY INTERNATIONAL HLDG LTD ADR SPONSORED,,Semiconductors & Semiconductor Equipment
